from_city,to_city,airline,flight_number,departure,arrival,price,currency
Madrid,Frankfurt,Air France,AI516,2025-08-03,2025-08-04,854,USD
Los Angeles,Rome,American Airlines,AM842,2025-10-21,2025-10-22,1109,USD
Chicago,Rome,Air France,AI315,2025-07-16,2025-07-16,1120,USD
Tokyo,Istanbul,British Airways,BR140,2025-11-28,2025-11-29,1121,USD
London,Singapore,Japan Airlines,JA112,2025-06-22,2025-06-22,136,USD
Rome,Beijing,Air China,AI172,2025-08-18,2025-08-19,500,USD
Hong Kong,Los Angeles,Japan Airlines,JA480,2025-08-28,2025-08-29,1478,USD
Paris,Istanbul,American Airlines,AM644,2025-07-28,2025-07-29,233,USD
Sydney,Moscow,Lufthansa,LU731,2025-07-12,2025-07-12,1108,USD
Dubai,Tokyo,Emirates,EM357,2025-07-27,2025-07-28,1080,USD
Singapore,Toronto,Delta,DE312,2025-11-14,2025-11-14,832,USD
Rome,Melbourne,Delta,DE482,2025-11-18,2025-11-18,765,USD
Istanbul,Chicago,Air China,AI375,2025-10-17,2025-10-17,712,USD
Chicago,Frankfurt,United Airlines,UN723,2025-09-21,2025-09-21,324,USD
Los Angeles,Bangkok,Qantas,QA867,2025-10-09,2025-10-10,958,USD
Hong Kong,Moscow,Cathay Pacific,CA852,2025-07-01,2025-07-01,1399,USD
London,Hong Kong,Emirates,EM795,2025-10-10,2025-10-11,991,USD
Melbourne,Dubai,United Airlines,UN487,2025-11-28,2025-11-28,1344,USD
Madrid,New York,Cathay Pacific,CA195,2025-06-19,2025-06-20,220,USD
Melbourne,London,Lufthansa,LU734,2025-07-09,2025-07-10,886,USD
Los Angeles,Singapore,Singapore Airlines,SI274,2025-11-06,2025-11-07,363,USD
Beijing,Dubai,Qantas,QA628,2025-08-10,2025-08-11,682,USD
Frankfurt,Delhi,Delta,DE493,2025-06-10,2025-06-11,1230,USD
Madrid,Toronto,Japan Airlines,JA316,2025-11-05,2025-11-06,613,USD
Chicago,Sydney,Air India,AI531,2025-06-23,2025-06-23,732,USD
Paris,Tokyo,United Airlines,UN298,2025-07-24,2025-07-25,390,USD
Rome,Bangkok,Singapore Airlines,SI441,2025-09-27,2025-09-28,85,USD
Los Angeles,Dubai,Air India,AI741,2025-07-22,2025-07-23,525,USD
Bangkok,Toronto,American Airlines,AM633,2025-07-30,2025-07-31,1355,USD
Toronto,Beijing,Air France,AI517,2025-10-04,2025-10-04,1097,USD
Bangkok,Istanbul,Turkish Airlines,TU705,2025-10-18,2025-10-19,1373,USD
Paris,Tokyo,Air France,AI884,2025-08-31,2025-09-01,736,USD
Dubai,Rome,Delta,DE733,2025-10-26,2025-10-26,392,USD
Hong Kong,Frankfurt,Singapore Airlines,SI886,2025-11-03,2025-11-04,107,USD
Los Angeles,Toronto,Air India,AI383,2025-06-27,2025-06-27,581,USD
Rome,Sydney,Delta,DE938,2025-10-20,2025-10-21,404,USD
Frankfurt,New York,Emirates,EM246,2025-10-16,2025-10-17,933,USD
New York,Sydney,Singapore Airlines,SI576,2025-08-22,2025-08-22,353,USD
Chicago,Los Angeles,Air China,AI293,2025-11-12,2025-11-13,171,USD
New York,Beijing,Singapore Airlines,SI338,2025-06-18,2025-06-18,240,USD
Chicago,Toronto,Japan Airlines,JA389,2025-07-31,2025-07-31,1286,USD
Rome,Dubai,Air France,AI740,2025-10-12,2025-10-13,609,USD
New York,Madrid,Turkish Airlines,TU998,2025-10-02,2025-10-03,1424,USD
Frankfurt,Beijing,Emirates,EM610,2025-10-22,2025-10-23,1448,USD
New York,Beijing,United Airlines,UN249,2025-09-15,2025-09-15,798,USD
Rome,New York,Air France,AI170,2025-06-28,2025-06-28,1203,USD
Chicago,Frankfurt,United Airlines,UN983,2025-06-20,2025-06-21,1155,USD
Dubai,New York,British Airways,BR685,2025-08-29,2025-08-30,345,USD
Chicago,Los Angeles,Singapore Airlines,SI537,2025-10-29,2025-10-29,521,USD
Tokyo,Bangkok,Turkish Airlines,TU711,2025-11-13,2025-11-13,239,USD
Toronto,Rome,Japan Airlines,JA378,2025-07-05,2025-07-06,576,USD
Paris,Singapore,Qantas,QA812,2025-10-24,2025-10-25,1120,USD
Frankfurt,Madrid,Air India,AI859,2025-11-04,2025-11-04,872,USD
New York,Sydney,United Airlines,UN792,2025-07-27,2025-07-28,1046,USD
Bangkok,Singapore,United Airlines,UN520,2025-10-21,2025-10-21,344,USD
Sydney,Hong Kong,British Airways,BR966,2025-07-08,2025-07-08,458,USD
Los Angeles,Toronto,Air China,AI467,2025-07-26,2025-07-26,1159,USD
Sydney,Madrid,American Airlines,AM931,2025-07-30,2025-07-31,892,USD
Madrid,Moscow,Japan Airlines,JA107,2025-07-23,2025-07-24,148,USD
Madrid,Rome,Cathay Pacific,CA401,2025-10-09,2025-10-09,1476,USD
Paris,Tokyo,British Airways,BR597,2025-09-19,2025-09-20,715,USD
Toronto,Sydney,Qantas,QA579,2025-06-25,2025-06-25,1406,USD
Madrid,London,Turkish Airlines,TU168,2025-10-01,2025-10-01,697,USD
Toronto,Hong Kong,Singapore Airlines,SI516,2025-07-17,2025-07-18,884,USD
Tokyo,Chicago,British Airways,BR724,2025-08-09,2025-08-10,327,USD
Rome,Madrid,Delta,DE541,2025-11-12,2025-11-12,291,USD
Dubai,Rome,Alitalia,AL843,2025-07-27,2025-07-28,922,USD
Rome,Toronto,Emirates,EM273,2025-11-21,2025-11-22,270,USD
Moscow,Beijing,Delta,DE779,2025-09-08,2025-09-09,955,USD
Beijing,Istanbul,Alitalia,AL779,2025-11-18,2025-11-18,646,USD
Rome,Los Angeles,Turkish Airlines,TU468,2025-11-18,2025-11-19,310,USD
Madrid,Rome,Emirates,EM956,2025-08-17,2025-08-18,1102,USD
Delhi,Sydney,Cathay Pacific,CA787,2025-06-28,2025-06-29,735,USD
Madrid,New York,United Airlines,UN716,2025-10-06,2025-10-07,744,USD
Frankfurt,Chicago,Qantas,QA416,2025-06-23,2025-06-24,739,USD
London,Moscow,Emirates,EM224,2025-07-14,2025-07-15,572,USD
Toronto,Moscow,Japan Airlines,JA530,2025-11-14,2025-11-15,1354,USD
Frankfurt,Chicago,Qantas,QA869,2025-07-30,2025-07-31,185,USD
Rome,Toronto,British Airways,BR586,2025-11-03,2025-11-03,336,USD
Frankfurt,Los Angeles,Air China,AI437,2025-11-07,2025-11-08,512,USD
Los Angeles,Bangkok,Air France,AI625,2025-06-06,2025-06-07,835,USD
Los Angeles,London,United Airlines,UN265,2025-08-25,2025-08-25,1064,USD
Melbourne,Singapore,United Airlines,UN323,2025-11-19,2025-11-20,234,USD
Paris,Melbourne,British Airways,BR450,2025-10-19,2025-10-20,527,USD
Rome,Melbourne,United Airlines,UN315,2025-08-26,2025-08-26,106,USD
Sydney,Istanbul,Air France,AI482,2025-11-11,2025-11-11,437,USD
Paris,Madrid,Delta,DE486,2025-10-11,2025-10-12,190,USD
Sydney,Dubai,Emirates,EM151,2025-07-12,2025-07-12,1187,USD
Hong Kong,Los Angeles,Delta,DE146,2025-10-17,2025-10-17,414,USD
Istanbul,Frankfurt,Delta,DE396,2025-06-16,2025-06-16,816,USD
Tokyo,Frankfurt,Japan Airlines,JA393,2025-06-10,2025-06-11,881,USD
Los Angeles,Beijing,Lufthansa,LU135,2025-08-31,2025-09-01,633,USD
Moscow,Dubai,British Airways,BR283,2025-07-18,2025-07-18,1101,USD
Moscow,Madrid,Air France,AI581,2025-08-31,2025-09-01,486,USD
Dubai,Tokyo,Qantas,QA903,2025-11-22,2025-11-23,1225,USD
Madrid,London,Cathay Pacific,CA870,2025-10-26,2025-10-26,939,USD
Sydney,Bangkok,Qantas,QA661,2025-09-13,2025-09-13,840,USD
Sydney,Frankfurt,Cathay Pacific,CA432,2025-08-24,2025-08-25,966,USD
Toronto,Bangkok,Lufthansa,LU952,2025-11-27,2025-11-28,1280,USD
Dubai,Chicago,Cathay Pacific,CA339,2025-09-09,2025-09-10,355,USD
London,Chicago,Japan Airlines,JA395,2025-10-08,2025-10-09,639,USD
Delhi,London,United Airlines,UN432,2025-06-26,2025-06-27,336,USD
Bangkok,Dubai,British Airways,BR283,2025-09-30,2025-09-30,1241,USD
Tokyo,Hong Kong,Cathay Pacific,CA814,2025-07-23,2025-07-23,370,USD
Madrid,Delhi,Cathay Pacific,CA628,2025-08-18,2025-08-19,671,USD
Singapore,Tokyo,Air China,AI668,2025-09-01,2025-09-02,350,USD
Los Angeles,Paris,Singapore Airlines,SI454,2025-09-24,2025-09-25,518,USD
Rome,Los Angeles,Air China,AI768,2025-09-25,2025-09-26,1268,USD
Hong Kong,Singapore,Lufthansa,LU563,2025-08-01,2025-08-01,366,USD
Delhi,Tokyo,Cathay Pacific,CA392,2025-06-24,2025-06-25,751,USD
Toronto,Rome,Lufthansa,LU747,2025-10-14,2025-10-15,1469,USD
Toronto,Sydney,Air France,AI896,2025-11-29,2025-11-30,880,USD
Los Angeles,Paris,Air India,AI386,2025-08-12,2025-08-12,1028,USD
Beijing,Frankfurt,Singapore Airlines,SI804,2025-10-22,2025-10-23,373,USD
Bangkok,Paris,Emirates,EM963,2025-11-17,2025-11-18,776,USD
Istanbul,Delhi,British Airways,BR592,2025-10-21,2025-10-22,1402,USD
Rome,New York,Singapore Airlines,SI476,2025-11-21,2025-11-21,94,USD
Toronto,Los Angeles,Alitalia,AL833,2025-11-04,2025-11-05,462,USD
Istanbul,Delhi,Turkish Airlines,TU300,2025-08-28,2025-08-28,1382,USD
New York,Bangkok,Qantas,QA814,2025-10-04,2025-10-04,424,USD
Delhi,Madrid,Air China,AI206,2025-08-11,2025-08-12,1076,USD
Bangkok,Singapore,Turkish Airlines,TU326,2025-08-31,2025-09-01,389,USD
Frankfurt,Tokyo,Cathay Pacific,CA183,2025-11-12,2025-11-12,1387,USD
Sydney,Istanbul,Lufthansa,LU629,2025-12-02,2025-12-03,364,USD
Paris,Istanbul,United Airlines,UN982,2025-09-13,2025-09-14,1181,USD
Singapore,Bangkok,American Airlines,AM627,2025-10-21,2025-10-22,887,USD
Melbourne,New York,Japan Airlines,JA793,2025-08-11,2025-08-11,1415,USD
Delhi,Rome,United Airlines,UN431,2025-11-09,2025-11-10,794,USD
London,Delhi,Japan Airlines,JA724,2025-10-10,2025-10-11,1070,USD
Moscow,Melbourne,Turkish Airlines,TU255,2025-10-29,2025-10-30,915,USD
Sydney,Madrid,Turkish Airlines,TU217,2025-11-03,2025-11-04,458,USD
Rome,Sydney,British Airways,BR862,2025-07-28,2025-07-29,423,USD
Delhi,New York,United Airlines,UN943,2025-07-31,2025-07-31,853,USD
Paris,Hong Kong,Japan Airlines,JA510,2025-07-21,2025-07-21,1106,USD
Frankfurt,Hong Kong,Cathay Pacific,CA205,2025-11-20,2025-11-20,554,USD
Madrid,Tokyo,Turkish Airlines,TU970,2025-09-02,2025-09-03,1499,USD
Rome,Paris,American Airlines,AM923,2025-08-08,2025-08-08,530,USD
Chicago,London,Cathay Pacific,CA765,2025-08-02,2025-08-03,141,USD
Dubai,Bangkok,Delta,DE410,2025-10-05,2025-10-06,546,USD
Paris,Toronto,Air India,AI482,2025-12-02,2025-12-03,380,USD
Moscow,Dubai,Air India,AI842,2025-11-30,2025-12-01,296,USD
Singapore,Rome,United Airlines,UN921,2025-09-06,2025-09-07,490,USD
Sydney,Rome,Air China,AI795,2025-06-28,2025-06-28,1036,USD
Istanbul,Melbourne,Air France,AI411,2025-06-15,2025-06-15,525,USD
Sydney,Hong Kong,Air India,AI627,2025-08-04,2025-08-04,150,USD
Istanbul,Bangkok,Cathay Pacific,CA863,2025-06-28,2025-06-29,1466,USD
Istanbul,Los Angeles,Air France,AI364,2025-10-17,2025-10-17,1208,USD
Delhi,Singapore,Turkish Airlines,TU177,2025-06-14,2025-06-15,682,USD
Rome,Sydney,Cathay Pacific,CA413,2025-10-25,2025-10-25,1457,USD
Dubai,Hong Kong,Singapore Airlines,SI727,2025-07-14,2025-07-15,470,USD
Los Angeles,Tokyo,Cathay Pacific,CA821,2025-10-15,2025-10-16,799,USD
Beijing,Paris,Emirates,EM254,2025-08-14,2025-08-15,829,USD
Melbourne,Rome,Japan Airlines,JA540,2025-10-11,2025-10-11,623,USD
Beijing,Dubai,Air India,AI503,2025-10-26,2025-10-27,883,USD
Singapore,Bangkok,British Airways,BR543,2025-07-14,2025-07-15,836,USD
Rome,London,Air India,AI559,2025-09-16,2025-09-17,99,USD
Dubai,Singapore,Air France,AI109,2025-11-19,2025-11-19,625,USD
Chicago,Paris,Emirates,EM449,2025-11-11,2025-11-12,1021,USD
Istanbul,Madrid,Turkish Airlines,TU150,2025-06-07,2025-06-07,1241,USD
Sydney,Hong Kong,Japan Airlines,JA533,2025-09-08,2025-09-08,178,USD
Los Angeles,Istanbul,Turkish Airlines,TU577,2025-11-24,2025-11-24,1135,USD
Tokyo,Beijing,United Airlines,UN589,2025-09-09,2025-09-10,1369,USD
Hong Kong,London,Air India,AI551,2025-09-16,2025-09-17,159,USD
Chicago,Hong Kong,Alitalia,AL679,2025-11-16,2025-11-17,1304,USD
London,Beijing,American Airlines,AM443,2025-08-01,2025-08-02,1158,USD
Paris,Melbourne,Singapore Airlines,SI148,2025-11-26,2025-11-26,947,USD
Beijing,Moscow,Air France,AI154,2025-07-05,2025-07-05,1432,USD
Beijing,Toronto,Turkish Airlines,TU405,2025-08-04,2025-08-05,423,USD
Los Angeles,Dubai,Singapore Airlines,SI676,2025-08-16,2025-08-17,543,USD
Beijing,Melbourne,Turkish Airlines,TU724,2025-06-14,2025-06-15,92,USD
Paris,Istanbul,Emirates,EM699,2025-11-27,2025-11-28,793,USD
Rome,Chicago,United Airlines,UN823,2025-09-30,2025-10-01,509,USD
Rome,Tokyo,Singapore Airlines,SI492,2025-11-20,2025-11-21,731,USD
Los Angeles,New York,United Airlines,UN313,2025-10-07,2025-10-07,448,USD
Delhi,Frankfurt,Turkish Airlines,TU359,2025-06-09,2025-06-10,1102,USD
Melbourne,Madrid,American Airlines,AM852,2025-09-26,2025-09-27,1195,USD
Madrid,Paris,Qantas,QA165,2025-10-06,2025-10-07,1196,USD
New York,Delhi,Air China,AI146,2025-10-26,2025-10-27,1424,USD
Paris,Beijing,American Airlines,AM624,2025-10-08,2025-10-09,802,USD
Madrid,London,Singapore Airlines,SI380,2025-07-14,2025-07-15,700,USD
Istanbul,Madrid,American Airlines,AM834,2025-09-29,2025-09-29,710,USD
Toronto,Los Angeles,Japan Airlines,JA651,2025-11-29,2025-11-29,540,USD
New York,London,Alitalia,AL745,2025-11-21,2025-11-22,1091,USD
Istanbul,Madrid,Singapore Airlines,SI321,2025-10-16,2025-10-17,956,USD
Toronto,Hong Kong,Qantas,QA143,2025-10-07,2025-10-07,1132,USD
Beijing,Bangkok,Air India,AI221,2025-06-29,2025-06-30,538,USD
Dubai,Tokyo,Alitalia,AL129,2025-11-16,2025-11-17,1114,USD
London,Delhi,Singapore Airlines,SI309,2025-09-16,2025-09-17,1499,USD
Paris,London,United Airlines,UN171,2025-11-11,2025-11-11,151,USD
Los Angeles,Sydney,Alitalia,AL856,2025-09-15,2025-09-16,1355,USD
Dubai,Bangkok,Cathay Pacific,CA739,2025-06-10,2025-06-11,887,USD
Frankfurt,London,Lufthansa,LU526,2025-10-19,2025-10-20,1018,USD
Los Angeles,Istanbul,Air France,AI720,2025-10-02,2025-10-03,182,USD
Hong Kong,Los Angeles,Cathay Pacific,CA975,2025-11-04,2025-11-05,1245,USD
Sydney,Beijing,Singapore Airlines,SI635,2025-07-06,2025-07-07,1198,USD
Paris,Madrid,Turkish Airlines,TU398,2025-11-21,2025-11-22,1134,USD
Singapore,Istanbul,Qantas,QA383,2025-10-23,2025-10-23,1050,USD
Moscow,Singapore,American Airlines,AM608,2025-10-02,2025-10-02,1376,USD
Delhi,Frankfurt,Japan Airlines,JA563,2025-10-07,2025-10-07,799,USD
Los Angeles,Chicago,Delta,DE449,2025-09-21,2025-09-21,184,USD
New York,Toronto,Lufthansa,LU474,2025-06-09,2025-06-10,609,USD
Sydney,Bangkok,Japan Airlines,JA245,2025-08-10,2025-08-10,158,USD
Rome,Frankfurt,American Airlines,AM640,2025-07-15,2025-07-16,1216,USD
Sydney,Frankfurt,American Airlines,AM788,2025-08-17,2025-08-17,147,USD
Tokyo,Beijing,Air France,AI777,2025-10-27,2025-10-28,1129,USD
Frankfurt,Los Angeles,Emirates,EM725,2025-09-01,2025-09-02,108,USD
Istanbul,Singapore,Cathay Pacific,CA844,2025-09-01,2025-09-02,108,USD
Paris,Rome,Turkish Airlines,TU977,2025-10-25,2025-10-25,627,USD
Melbourne,Sydney,Cathay Pacific,CA262,2025-10-18,2025-10-19,1353,USD
Istanbul,New York,Lufthansa,LU689,2025-06-21,2025-06-22,292,USD
Sydney,Bangkok,British Airways,BR594,2025-10-09,2025-10-10,1028,USD
Melbourne,Paris,United Airlines,UN241,2025-08-24,2025-08-24,709,USD
Istanbul,Chicago,Air France,AI270,2025-09-18,2025-09-19,1397,USD
Delhi,Istanbul,Air China,AI264,2025-11-26,2025-11-27,1246,USD
Delhi,Toronto,Air India,AI344,2025-08-31,2025-08-31,936,USD
Dubai,Delhi,Air France,AI726,2025-10-25,2025-10-26,610,USD
Chicago,Rome,United Airlines,UN499,2025-10-15,2025-10-16,1375,USD
New York,Delhi,Emirates,EM506,2025-07-21,2025-07-22,89,USD
Chicago,Tokyo,Delta,DE820,2025-10-07,2025-10-08,379,USD
Paris,Singapore,Emirates,EM425,2025-08-09,2025-08-09,224,USD
Madrid,Tokyo,Emirates,EM596,2025-08-22,2025-08-22,1329,USD
Beijing,Tokyo,American Airlines,AM854,2025-11-18,2025-11-19,967,USD
Melbourne,Singapore,Qantas,QA893,2025-08-31,2025-09-01,1232,USD
New York,Dubai,Cathay Pacific,CA192,2025-07-08,2025-07-08,634,USD
Madrid,Chicago,Air China,AI787,2025-11-23,2025-11-24,1026,USD
Toronto,London,Emirates,EM177,2025-10-27,2025-10-28,1022,USD
Bangkok,London,Japan Airlines,JA752,2025-09-13,2025-09-14,998,USD
New York,Melbourne,Cathay Pacific,CA477,2025-08-29,2025-08-30,201,USD
Tokyo,Moscow,Air China,AI644,2025-08-24,2025-08-24,373,USD
Hong Kong,Madrid,United Airlines,UN103,2025-09-01,2025-09-02,623,USD
Bangkok,Paris,British Airways,BR767,2025-07-01,2025-07-02,1163,USD
Chicago,Los Angeles,Lufthansa,LU973,2025-08-25,2025-08-26,273,USD
Delhi,Tokyo,Air France,AI472,2025-08-04,2025-08-05,580,USD
Hong Kong,Chicago,Delta,DE575,2025-09-17,2025-09-18,563,USD
Chicago,Rome,Air India,AI717,2025-08-30,2025-08-31,924,USD
Paris,Istanbul,Japan Airlines,JA776,2025-09-06,2025-09-06,683,USD
Hong Kong,Madrid,Turkish Airlines,TU658,2025-07-04,2025-07-05,448,USD
Melbourne,Rome,Lufthansa,LU725,2025-11-14,2025-11-15,616,USD
Madrid,Tokyo,American Airlines,AM922,2025-08-18,2025-08-19,1081,USD
Singapore,Delhi,Lufthansa,LU310,2025-08-05,2025-08-06,1137,USD
Beijing,Singapore,Alitalia,AL830,2025-07-03,2025-07-03,1031,USD
Paris,London,Turkish Airlines,TU517,2025-07-14,2025-07-14,1335,USD
Sydney,Tokyo,American Airlines,AM362,2025-11-04,2025-11-05,1342,USD
Delhi,Paris,Turkish Airlines,TU973,2025-09-09,2025-09-09,1255,USD
Sydney,Chicago,Air India,AI205,2025-11-11,2025-11-11,233,USD
Delhi,Tokyo,Emirates,EM477,2025-09-06,2025-09-07,304,USD
Toronto,Dubai,American Airlines,AM597,2025-07-14,2025-07-14,1453,USD
Bangkok,Frankfurt,Turkish Airlines,TU919,2025-09-28,2025-09-29,92,USD
Dubai,Delhi,Delta,DE999,2025-08-19,2025-08-19,499,USD
Singapore,Toronto,Turkish Airlines,TU634,2025-07-11,2025-07-12,386,USD
Sydney,Delhi,Air France,AI601,2025-06-13,2025-06-14,972,USD
Delhi,Beijing,Air India,AI878,2025-07-03,2025-07-04,122,USD
Rome,Melbourne,Japan Airlines,JA454,2025-09-14,2025-09-15,483,USD
Madrid,Rome,Air India,AI802,2025-11-07,2025-11-08,961,USD
Paris,Los Angeles,Air France,AI682,2025-11-05,2025-11-05,284,USD
Paris,Frankfurt,Alitalia,AL748,2025-06-09,2025-06-09,1261,USD
Bangkok,London,Delta,DE645,2025-08-07,2025-08-08,1232,USD
Rome,Frankfurt,Turkish Airlines,TU160,2025-11-29,2025-11-30,553,USD
Tokyo,Hong Kong,Delta,DE156,2025-06-24,2025-06-25,1497,USD
Chicago,Singapore,Alitalia,AL898,2025-06-15,2025-06-16,1120,USD
Paris,Beijing,Japan Airlines,JA939,2025-09-04,2025-09-04,481,USD
Istanbul,Los Angeles,Cathay Pacific,CA966,2025-07-30,2025-07-31,543,USD
New York,Toronto,Cathay Pacific,CA155,2025-07-27,2025-07-28,87,USD
Singapore,Rome,British Airways,BR908,2025-08-14,2025-08-14,1202,USD
New York,Rome,Air France,AI597,2025-10-07,2025-10-08,1299,USD
Frankfurt,Melbourne,British Airways,BR172,2025-08-06,2025-08-07,119,USD
Singapore,Frankfurt,Alitalia,AL745,2025-09-02,2025-09-02,760,USD
Moscow,Frankfurt,Lufthansa,LU836,2025-09-25,2025-09-26,419,USD
Melbourne,New York,Air India,AI713,2025-11-05,2025-11-05,378,USD
Beijing,Melbourne,Turkish Airlines,TU229,2025-10-28,2025-10-29,1294,USD
Dubai,Moscow,Qantas,QA364,2025-06-06,2025-06-07,812,USD
Singapore,New York,Qantas,QA974,2025-06-29,2025-06-29,701,USD
Beijing,Melbourne,Singapore Airlines,SI966,2025-10-20,2025-10-21,544,USD
Tokyo,Istanbul,Singapore Airlines,SI618,2025-07-23,2025-07-24,947,USD
Moscow,Los Angeles,Turkish Airlines,TU566,2025-07-06,2025-07-06,395,USD
Toronto,Dubai,Air China,AI754,2025-12-02,2025-12-03,896,USD
London,Frankfurt,United Airlines,UN823,2025-07-29,2025-07-29,1484,USD
Frankfurt,Los Angeles,British Airways,BR302,2025-10-13,2025-10-14,443,USD
New York,Tokyo,Alitalia,AL742,2025-08-15,2025-08-16,262,USD
Moscow,Chicago,Cathay Pacific,CA471,2025-09-03,2025-09-04,804,USD
Beijing,Tokyo,Delta,DE513,2025-06-12,2025-06-13,1471,USD
Melbourne,Beijing,Qantas,QA891,2025-06-15,2025-06-16,443,USD
New York,Moscow,United Airlines,UN133,2025-09-09,2025-09-10,185,USD
Hong Kong,New York,Air India,AI225,2025-11-18,2025-11-19,1379,USD
Delhi,Chicago,Singapore Airlines,SI493,2025-07-31,2025-08-01,930,USD
Rome,Sydney,Air France,AI200,2025-06-27,2025-06-28,1307,USD
Rome,Sydney,Singapore Airlines,SI542,2025-11-18,2025-11-18,1038,USD
Singapore,Rome,Air China,AI325,2025-11-10,2025-11-11,821,USD
Madrid,Chicago,Cathay Pacific,CA349,2025-08-14,2025-08-14,1492,USD
New York,London,Cathay Pacific,CA602,2025-06-17,2025-06-17,848,USD
Delhi,Melbourne,Lufthansa,LU778,2025-10-16,2025-10-17,103,USD
Bangkok,Toronto,United Airlines,UN872,2025-11-10,2025-11-11,1024,USD
Istanbul,Los Angeles,British Airways,BR380,2025-07-08,2025-07-09,503,USD
Tokyo,Singapore,United Airlines,UN344,2025-07-01,2025-07-01,1123,USD
Los Angeles,New York,Qantas,QA555,2025-11-24,2025-11-25,1151,USD
Los Angeles,Istanbul,Air China,AI357,2025-10-07,2025-10-07,244,USD
Singapore,Tokyo,Alitalia,AL936,2025-09-04,2025-09-04,746,USD
Beijing,Bangkok,Delta,DE302,2025-07-31,2025-07-31,623,USD
Chicago,Beijing,Alitalia,AL961,2025-07-07,2025-07-08,322,USD
Beijing,Melbourne,Delta,DE502,2025-07-10,2025-07-10,904,USD
Chicago,London,Japan Airlines,JA526,2025-08-31,2025-08-31,322,USD
Madrid,Bangkok,Alitalia,AL202,2025-09-02,2025-09-02,643,USD
Paris,Moscow,Lufthansa,LU400,2025-11-24,2025-11-25,726,USD
Frankfurt,New York,Air France,AI270,2025-08-28,2025-08-29,406,USD
Hong Kong,Singapore,American Airlines,AM860,2025-11-30,2025-12-01,835,USD
Bangkok,Frankfurt,Lufthansa,LU112,2025-11-19,2025-11-20,700,USD
Chicago,Delhi,Alitalia,AL236,2025-09-11,2025-09-11,342,USD
Paris,Istanbul,Qantas,QA270,2025-06-19,2025-06-20,1238,USD
Singapore,Moscow,Emirates,EM157,2025-10-16,2025-10-16,452,USD
Sydney,Singapore,Singapore Airlines,SI495,2025-10-27,2025-10-28,1458,USD
Singapore,Moscow,Japan Airlines,JA845,2025-07-11,2025-07-12,158,USD
Istanbul,Bangkok,Delta,DE991,2025-08-06,2025-08-07,337,USD
Singapore,Madrid,Delta,DE422,2025-10-23,2025-10-23,328,USD
Hong Kong,Rome,Singapore Airlines,SI478,2025-11-07,2025-11-08,707,USD
Beijing,Sydney,Cathay Pacific,CA438,2025-11-01,2025-11-01,1028,USD
Dubai,Toronto,Lufthansa,LU850,2025-08-29,2025-08-29,377,USD
London,Tokyo,Emirates,EM931,2025-11-13,2025-11-14,466,USD
Frankfurt,Toronto,Turkish Airlines,TU286,2025-10-21,2025-10-22,1214,USD
Istanbul,Moscow,Delta,DE941,2025-08-19,2025-08-20,299,USD
Paris,Dubai,Japan Airlines,JA313,2025-10-17,2025-10-18,284,USD
Delhi,Moscow,Qantas,QA115,2025-07-27,2025-07-28,684,USD
Hong Kong,Frankfurt,Delta,DE969,2025-10-13,2025-10-14,1482,USD
Rome,Delhi,American Airlines,AM189,2025-09-23,2025-09-23,389,USD
Rome,Moscow,American Airlines,AM754,2025-09-17,2025-09-18,1344,USD
Frankfurt,Toronto,Alitalia,AL656,2025-07-20,2025-07-20,377,USD
Beijing,Madrid,British Airways,BR716,2025-09-09,2025-09-09,776,USD
Dubai,Tokyo,American Airlines,AM833,2025-06-29,2025-06-29,836,USD
Los Angeles,Beijing,Qantas,QA135,2025-09-15,2025-09-16,85,USD
Rome,Paris,Air France,AI995,2025-09-18,2025-09-19,338,USD
Bangkok,Chicago,Japan Airlines,JA536,2025-10-24,2025-10-24,182,USD
Melbourne,Rome,Lufthansa,LU640,2025-06-26,2025-06-27,1437,USD
Chicago,Singapore,Air France,AI202,2025-07-26,2025-07-27,737,USD
Beijing,Paris,United Airlines,UN122,2025-11-18,2025-11-19,997,USD
Melbourne,Los Angeles,Qantas,QA918,2025-10-27,2025-10-27,291,USD
Delhi,Tokyo,Air China,AI722,2025-11-29,2025-11-30,1271,USD
Chicago,Bangkok,Turkish Airlines,TU243,2025-07-22,2025-07-23,763,USD
Dubai,Singapore,Alitalia,AL959,2025-06-13,2025-06-14,925,USD
New York,Madrid,Singapore Airlines,SI689,2025-11-17,2025-11-18,1028,USD
Los Angeles,Chicago,Singapore Airlines,SI341,2025-11-22,2025-11-23,331,USD
Dubai,Rome,Emirates,EM452,2025-10-29,2025-10-30,1191,USD
New York,Sydney,Cathay Pacific,CA270,2025-08-15,2025-08-16,816,USD
Rome,Hong Kong,Qantas,QA547,2025-11-28,2025-11-29,339,USD
Toronto,Hong Kong,Qantas,QA725,2025-10-18,2025-10-18,466,USD
Dubai,Delhi,Air China,AI616,2025-06-26,2025-06-27,927,USD
Moscow,Rome,Qantas,QA797,2025-06-16,2025-06-17,904,USD
Moscow,Delhi,United Airlines,UN781,2025-06-10,2025-06-10,360,USD
Sydney,Moscow,Lufthansa,LU204,2025-11-13,2025-11-14,1062,USD
Delhi,Moscow,Cathay Pacific,CA721,2025-09-11,2025-09-11,949,USD
Rome,New York,Lufthansa,LU141,2025-10-16,2025-10-17,1163,USD
Chicago,Delhi,British Airways,BR315,2025-10-25,2025-10-25,563,USD
Sydney,Toronto,Delta,DE873,2025-07-22,2025-07-23,153,USD
Bangkok,Toronto,Lufthansa,LU293,2025-08-17,2025-08-18,392,USD
Frankfurt,Bangkok,Turkish Airlines,TU404,2025-11-01,2025-11-02,1151,USD
Dubai,Rome,Lufthansa,LU159,2025-11-14,2025-11-14,1088,USD
Hong Kong,Singapore,Delta,DE363,2025-10-29,2025-10-29,569,USD
Paris,Melbourne,Lufthansa,LU212,2025-09-19,2025-09-19,131,USD
London,Dubai,American Airlines,AM281,2025-06-21,2025-06-22,1227,USD
Sydney,Singapore,Alitalia,AL737,2025-08-09,2025-08-10,665,USD
Delhi,Paris,Japan Airlines,JA491,2025-09-25,2025-09-25,601,USD
Rome,Madrid,British Airways,BR560,2025-07-08,2025-07-09,156,USD
Hong Kong,New York,Japan Airlines,JA711,2025-07-30,2025-07-30,737,USD
Hong Kong,Moscow,Japan Airlines,JA321,2025-06-07,2025-06-07,1286,USD
Istanbul,Frankfurt,British Airways,BR719,2025-10-08,2025-10-09,907,USD
Chicago,Bangkok,Air India,AI626,2025-10-17,2025-10-18,1249,USD
Dubai,Chicago,Air India,AI480,2025-07-17,2025-07-18,1076,USD
Los Angeles,Chicago,Lufthansa,LU333,2025-10-16,2025-10-16,727,USD
Delhi,Bangkok,Delta,DE794,2025-07-20,2025-07-21,91,USD
Moscow,Delhi,Emirates,EM816,2025-10-10,2025-10-11,1065,USD
Madrid,Frankfurt,British Airways,BR418,2025-09-26,2025-09-27,1238,USD
Madrid,London,Turkish Airlines,TU151,2025-07-30,2025-07-31,349,USD
Hong Kong,Sydney,Emirates,EM920,2025-06-15,2025-06-16,450,USD
Dubai,Tokyo,Air India,AI228,2025-06-27,2025-06-27,1202,USD
Rome,Delhi,Cathay Pacific,CA994,2025-11-02,2025-11-02,357,USD
Singapore,Moscow,Emirates,EM649,2025-08-29,2025-08-30,1100,USD
Rome,Toronto,Qantas,QA643,2025-07-31,2025-07-31,902,USD
Frankfurt,Bangkok,Qantas,QA237,2025-11-09,2025-11-09,1470,USD
Delhi,London,Delta,DE151,2025-06-14,2025-06-15,1411,USD
Chicago,Rome,Turkish Airlines,TU950,2025-11-26,2025-11-27,589,USD
Delhi,Rome,Delta,DE576,2025-08-01,2025-08-02,1378,USD
Bangkok,Madrid,United Airlines,UN251,2025-08-03,2025-08-03,1447,USD
Rome,Frankfurt,Delta,DE596,2025-09-23,2025-09-24,923,USD
Paris,Madrid,United Airlines,UN768,2025-06-13,2025-06-14,1173,USD
Bangkok,Melbourne,Singapore Airlines,SI510,2025-08-25,2025-08-25,209,USD
Moscow,Delhi,Delta,DE982,2025-06-23,2025-06-23,1118,USD
Rome,Melbourne,Emirates,EM472,2025-08-29,2025-08-30,1068,USD
Singapore,Bangkok,Air China,AI529,2025-08-29,2025-08-30,1355,USD
Sydney,Istanbul,Air India,AI532,2025-10-25,2025-10-25,626,USD
Delhi,Sydney,Emirates,EM926,2025-06-08,2025-06-08,1044,USD
Istanbul,Los Angeles,Japan Airlines,JA172,2025-07-17,2025-07-17,313,USD
Istanbul,Madrid,Cathay Pacific,CA600,2025-09-14,2025-09-15,947,USD
Toronto,Chicago,Cathay Pacific,CA708,2025-10-11,2025-10-12,354,USD
Melbourne,Moscow,Alitalia,AL156,2025-11-03,2025-11-04,726,USD
Madrid,Los Angeles,Air India,AI408,2025-08-27,2025-08-27,927,USD
Tokyo,Sydney,Cathay Pacific,CA685,2025-06-27,2025-06-27,590,USD
Bangkok,Los Angeles,Air France,AI223,2025-10-17,2025-10-18,1152,USD
Moscow,Istanbul,Air China,AI716,2025-07-17,2025-07-18,1150,USD
Istanbul,Bangkok,Alitalia,AL977,2025-11-20,2025-11-20,427,USD
Paris,Toronto,Turkish Airlines,TU677,2025-06-06,2025-06-07,464,USD
Bangkok,Rome,Air India,AI211,2025-08-23,2025-08-23,447,USD
Rome,Tokyo,Cathay Pacific,CA708,2025-10-28,2025-10-29,1217,USD
Tokyo,Moscow,Air China,AI520,2025-07-02,2025-07-03,1200,USD
Los Angeles,Singapore,Air China,AI562,2025-07-11,2025-07-12,177,USD
Beijing,Frankfurt,Turkish Airlines,TU912,2025-07-03,2025-07-04,742,USD
Singapore,Frankfurt,Emirates,EM886,2025-10-09,2025-10-10,1456,USD
Frankfurt,Sydney,Air China,AI783,2025-07-21,2025-07-21,1245,USD
Delhi,London,Lufthansa,LU114,2025-09-04,2025-09-05,802,USD
Hong Kong,Toronto,Singapore Airlines,SI841,2025-10-24,2025-10-25,781,USD
Melbourne,Toronto,Japan Airlines,JA404,2025-08-03,2025-08-04,886,USD
Paris,Toronto,United Airlines,UN241,2025-09-26,2025-09-26,731,USD
Istanbul,Los Angeles,Alitalia,AL719,2025-09-06,2025-09-07,1197,USD
Moscow,Paris,Air India,AI522,2025-09-09,2025-09-10,497,USD
Bangkok,Singapore,Emirates,EM473,2025-08-07,2025-08-08,1171,USD
Singapore,Madrid,Delta,DE158,2025-06-07,2025-06-08,403,USD
Bangkok,Chicago,Air India,AI432,2025-07-15,2025-07-16,730,USD
Rome,Dubai,American Airlines,AM323,2025-09-11,2025-09-11,218,USD
Melbourne,London,Singapore Airlines,SI928,2025-07-11,2025-07-12,212,USD
New York,Madrid,Cathay Pacific,CA430,2025-09-23,2025-09-24,396,USD
Hong Kong,Rome,Air France,AI615,2025-11-30,2025-12-01,576,USD
Toronto,Los Angeles,Cathay Pacific,CA324,2025-10-16,2025-10-17,577,USD
Madrid,New York,Qantas,QA494,2025-10-19,2025-10-20,792,USD
Bangkok,Singapore,Air India,AI122,2025-09-26,2025-09-27,932,USD
Tokyo,Istanbul,Cathay Pacific,CA727,2025-07-26,2025-07-27,1206,USD
New York,London,Alitalia,AL717,2025-11-18,2025-11-19,406,USD
Madrid,Hong Kong,Japan Airlines,JA331,2025-09-23,2025-09-23,177,USD
Bangkok,London,Singapore Airlines,SI167,2025-06-07,2025-06-08,97,USD
Singapore,Melbourne,United Airlines,UN264,2025-10-22,2025-10-23,369,USD
Bangkok,Madrid,Lufthansa,LU870,2025-08-30,2025-08-31,338,USD
Dubai,Moscow,Delta,DE432,2025-11-14,2025-11-15,1494,USD
Toronto,New York,United Airlines,UN332,2025-07-22,2025-07-22,1349,USD
Rome,Tokyo,Qantas,QA213,2025-09-22,2025-09-23,1117,USD
Chicago,Delhi,Japan Airlines,JA213,2025-10-28,2025-10-28,595,USD
London,Melbourne,United Airlines,UN728,2025-11-04,2025-11-04,274,USD
Chicago,Melbourne,Japan Airlines,JA758,2025-07-11,2025-07-12,614,USD
Singapore,Delhi,Air France,AI309,2025-08-16,2025-08-16,720,USD
Toronto,Madrid,Turkish Airlines,TU992,2025-10-01,2025-10-01,199,USD
Bangkok,Rome,Air France,AI642,2025-11-18,2025-11-19,1294,USD
Toronto,Delhi,Emirates,EM880,2025-10-18,2025-10-19,1485,USD
Toronto,London,American Airlines,AM952,2025-08-07,2025-08-08,1051,USD
Sydney,Paris,Emirates,EM368,2025-08-30,2025-08-31,1267,USD
New York,Frankfurt,Air France,AI603,2025-10-18,2025-10-19,934,USD
New York,Dubai,Air France,AI482,2025-07-15,2025-07-15,362,USD
Chicago,Bangkok,Air France,AI553,2025-09-26,2025-09-27,1312,USD
Hong Kong,Singapore,Lufthansa,LU487,2025-10-18,2025-10-18,144,USD
Singapore,Frankfurt,Alitalia,AL901,2025-08-14,2025-08-15,684,USD
Madrid,Hong Kong,Delta,DE549,2025-11-28,2025-11-28,646,USD
Dubai,Singapore,Alitalia,AL615,2025-07-17,2025-07-18,692,USD
Toronto,Bangkok,Lufthansa,LU813,2025-06-24,2025-06-25,909,USD
Sydney,Dubai,Air India,AI356,2025-08-05,2025-08-06,845,USD
Tokyo,Delhi,Emirates,EM459,2025-11-06,2025-11-07,287,USD
Frankfurt,Madrid,Air France,AI281,2025-10-26,2025-10-27,130,USD
Delhi,Istanbul,Singapore Airlines,SI421,2025-10-28,2025-10-29,883,USD
Hong Kong,Rome,Qantas,QA109,2025-10-02,2025-10-03,133,USD
Rome,Hong Kong,Turkish Airlines,TU652,2025-11-19,2025-11-19,1280,USD
Chicago,Dubai,Turkish Airlines,TU312,2025-09-07,2025-09-08,798,USD
Beijing,London,Alitalia,AL116,2025-08-08,2025-08-08,998,USD
Tokyo,Singapore,Emirates,EM193,2025-10-12,2025-10-13,726,USD
Rome,Frankfurt,Air France,AI653,2025-10-04,2025-10-05,1043,USD
Hong Kong,Toronto,United Airlines,UN410,2025-09-27,2025-09-28,1017,USD
Tokyo,Moscow,Turkish Airlines,TU736,2025-08-30,2025-08-30,1227,USD
Beijing,Singapore,Emirates,EM984,2025-11-20,2025-11-21,96,USD
Paris,Rome,Air India,AI893,2025-10-03,2025-10-04,1033,USD
Moscow,Delhi,Air France,AI881,2025-09-07,2025-09-08,921,USD
London,Chicago,Turkish Airlines,TU768,2025-08-07,2025-08-08,1093,USD
Melbourne,Toronto,Qantas,QA258,2025-09-03,2025-09-04,1392,USD
Sydney,Chicago,Delta,DE921,2025-10-06,2025-10-07,508,USD
Chicago,Frankfurt,Singapore Airlines,SI217,2025-09-10,2025-09-11,425,USD
Moscow,Paris,Alitalia,AL821,2025-08-15,2025-08-16,1016,USD
Sydney,Melbourne,Emirates,EM684,2025-10-05,2025-10-05,1256,USD
Rome,Hong Kong,Air India,AI398,2025-10-22,2025-10-22,777,USD
Tokyo,Los Angeles,Cathay Pacific,CA344,2025-08-12,2025-08-12,523,USD
Melbourne,Tokyo,Qantas,QA292,2025-10-15,2025-10-16,743,USD
Rome,Hong Kong,Qantas,QA721,2025-09-06,2025-09-06,1162,USD
Toronto,Bangkok,Delta,DE387,2025-10-18,2025-10-19,1076,USD
Los Angeles,Toronto,British Airways,BR296,2025-11-12,2025-11-13,122,USD
Bangkok,Los Angeles,Delta,DE337,2025-06-29,2025-06-30,304,USD
Madrid,New York,American Airlines,AM565,2025-10-27,2025-10-28,1009,USD
Bangkok,New York,Cathay Pacific,CA242,2025-07-08,2025-07-09,869,USD
Dubai,Tokyo,Turkish Airlines,TU937,2025-07-01,2025-07-02,234,USD
Singapore,Hong Kong,British Airways,BR712,2025-11-13,2025-11-14,990,USD
Sydney,London,Emirates,EM303,2025-08-03,2025-08-04,993,USD
Tokyo,New York,Air France,AI504,2025-11-19,2025-11-20,734,USD
New York,Melbourne,Japan Airlines,JA589,2025-09-28,2025-09-29,178,USD
Beijing,Los Angeles,Air China,AI942,2025-09-22,2025-09-23,223,USD
Moscow,London,Air China,AI988,2025-08-24,2025-08-24,794,USD
New York,Beijing,Cathay Pacific,CA771,2025-11-05,2025-11-05,99,USD
Delhi,Hong Kong,Air China,AI661,2025-09-30,2025-09-30,922,USD
Istanbul,London,Alitalia,AL315,2025-08-04,2025-08-04,445,USD
Madrid,London,Air China,AI464,2025-08-19,2025-08-19,745,USD
London,Hong Kong,Qantas,QA675,2025-10-29,2025-10-30,216,USD
Delhi,Chicago,Singapore Airlines,SI337,2025-08-20,2025-08-21,984,USD
Beijing,Rome,British Airways,BR912,2025-07-01,2025-07-02,934,USD
Melbourne,New York,Singapore Airlines,SI819,2025-06-30,2025-06-30,100,USD
Chicago,Bangkok,Air China,AI545,2025-06-12,2025-06-13,413,USD
Melbourne,Chicago,Air India,AI874,2025-10-12,2025-10-13,118,USD
Beijing,Moscow,Turkish Airlines,TU668,2025-11-23,2025-11-24,630,USD
Madrid,Beijing,Singapore Airlines,SI533,2025-08-04,2025-08-05,1319,USD
Los Angeles,Beijing,Air France,AI698,2025-11-16,2025-11-17,1057,USD
New York,Singapore,Air France,AI980,2025-10-28,2025-10-29,1386,USD
Rome,London,Cathay Pacific,CA142,2025-08-31,2025-09-01,1166,USD
Toronto,Sydney,Singapore Airlines,SI562,2025-06-14,2025-06-15,1059,USD
Bangkok,Madrid,Cathay Pacific,CA438,2025-06-17,2025-06-18,659,USD
Frankfurt,Istanbul,Air China,AI864,2025-07-10,2025-07-11,1144,USD
New York,Chicago,Alitalia,AL842,2025-12-01,2025-12-02,567,USD
Paris,London,British Airways,BR919,2025-06-14,2025-06-15,1095,USD
Melbourne,Istanbul,United Airlines,UN805,2025-07-17,2025-07-17,242,USD
Toronto,Melbourne,Singapore Airlines,SI195,2025-09-07,2025-09-08,1081,USD
Delhi,Bangkok,Alitalia,AL894,2025-09-05,2025-09-05,1028,USD
Paris,Melbourne,Cathay Pacific,CA819,2025-10-25,2025-10-25,766,USD
New York,Tokyo,Lufthansa,LU608,2025-11-18,2025-11-19,187,USD
Singapore,Beijing,Lufthansa,LU188,2025-06-21,2025-06-22,1009,USD
London,Istanbul,Air France,AI604,2025-07-17,2025-07-18,525,USD
Melbourne,London,Turkish Airlines,TU314,2025-12-02,2025-12-02,102,USD
Delhi,Paris,Qantas,QA370,2025-11-30,2025-12-01,1217,USD
New York,Bangkok,Japan Airlines,JA914,2025-06-27,2025-06-28,261,USD
Singapore,Istanbul,British Airways,BR474,2025-10-06,2025-10-06,788,USD
Sydney,Moscow,Qantas,QA118,2025-08-20,2025-08-20,873,USD
Los Angeles,Melbourne,American Airlines,AM489,2025-07-28,2025-07-29,330,USD
Chicago,New York,Qantas,QA318,2025-09-04,2025-09-04,797,USD
Los Angeles,New York,Turkish Airlines,TU583,2025-09-17,2025-09-17,93,USD
Delhi,Bangkok,United Airlines,UN454,2025-11-06,2025-11-07,1155,USD
Sydney,Tokyo,Japan Airlines,JA614,2025-10-17,2025-10-17,1373,USD
Tokyo,Moscow,Air India,AI102,2025-06-14,2025-06-14,409,USD
Singapore,Beijing,Cathay Pacific,CA880,2025-07-14,2025-07-15,127,USD
Singapore,Rome,Air China,AI443,2025-10-06,2025-10-07,638,USD
Toronto,Sydney,Lufthansa,LU972,2025-11-24,2025-11-25,645,USD
Singapore,Chicago,Lufthansa,LU387,2025-07-14,2025-07-15,1392,USD
Hong Kong,Moscow,Turkish Airlines,TU707,2025-10-13,2025-10-14,1391,USD
Istanbul,New York,Alitalia,AL590,2025-09-29,2025-09-30,1335,USD
Bangkok,Moscow,Cathay Pacific,CA692,2025-09-19,2025-09-20,1032,USD
New York,Chicago,Turkish Airlines,TU917,2025-06-06,2025-06-07,639,USD
Melbourne,Moscow,Emirates,EM217,2025-07-07,2025-07-08,293,USD
Paris,Melbourne,American Airlines,AM142,2025-07-06,2025-07-07,501,USD
Rome,Los Angeles,Air France,AI589,2025-08-03,2025-08-03,1485,USD
Singapore,Delhi,Emirates,EM236,2025-09-03,2025-09-04,729,USD
Melbourne,Hong Kong,Turkish Airlines,TU754,2025-08-03,2025-08-03,624,USD
Delhi,Moscow,Alitalia,AL231,2025-09-15,2025-09-16,901,USD
Singapore,Toronto,Qantas,QA693,2025-07-03,2025-07-04,231,USD
Los Angeles,Sydney,Japan Airlines,JA686,2025-09-22,2025-09-23,215,USD
Melbourne,Los Angeles,Alitalia,AL405,2025-06-27,2025-06-28,128,USD
Delhi,Los Angeles,Air China,AI659,2025-11-06,2025-11-07,1047,USD
Rome,Delhi,Air India,AI216,2025-09-29,2025-09-30,1388,USD
Frankfurt,Istanbul,Delta,DE849,2025-08-30,2025-08-31,521,USD
Beijing,Rome,Japan Airlines,JA179,2025-07-20,2025-07-21,620,USD
Paris,Bangkok,Air India,AI742,2025-06-28,2025-06-29,1266,USD
Bangkok,Singapore,Lufthansa,LU956,2025-08-14,2025-08-15,1450,USD
Moscow,Hong Kong,Qantas,QA104,2025-06-29,2025-06-29,395,USD
Sydney,Istanbul,American Airlines,AM708,2025-11-12,2025-11-13,957,USD
Sydney,Bangkok,Air France,AI306,2025-11-28,2025-11-28,196,USD
Toronto,Bangkok,Air China,AI711,2025-09-26,2025-09-26,704,USD
London,Paris,Emirates,EM923,2025-07-21,2025-07-21,1028,USD
Singapore,Chicago,United Airlines,UN806,2025-10-16,2025-10-17,824,USD
Rome,Moscow,Emirates,EM675,2025-08-08,2025-08-09,210,USD
Moscow,Toronto,Alitalia,AL867,2025-06-27,2025-06-27,711,USD
Madrid,Singapore,Alitalia,AL626,2025-12-02,2025-12-03,841,USD
Istanbul,Hong Kong,Alitalia,AL949,2025-06-15,2025-06-16,1253,USD
Bangkok,Rome,Singapore Airlines,SI336,2025-06-27,2025-06-28,1427,USD
Toronto,Rome,Air China,AI519,2025-10-15,2025-10-16,684,USD
Hong Kong,Paris,Alitalia,AL743,2025-06-27,2025-06-28,1241,USD
New York,Dubai,Turkish Airlines,TU922,2025-09-25,2025-09-25,1244,USD
Chicago,Singapore,Turkish Airlines,TU970,2025-07-08,2025-07-09,951,USD
Los Angeles,Melbourne,Cathay Pacific,CA965,2025-10-24,2025-10-25,650,USD
Singapore,Istanbul,Air France,AI477,2025-10-03,2025-10-04,1287,USD
Dubai,London,Singapore Airlines,SI579,2025-08-28,2025-08-29,796,USD
London,Singapore,Air France,AI355,2025-07-28,2025-07-29,692,USD
Dubai,Singapore,Lufthansa,LU842,2025-06-30,2025-07-01,1472,USD
Chicago,Melbourne,United Airlines,UN969,2025-09-03,2025-09-04,990,USD
Melbourne,Toronto,Air China,AI176,2025-11-08,2025-11-09,948,USD
Paris,Istanbul,American Airlines,AM178,2025-09-29,2025-09-29,1415,USD
New York,London,Turkish Airlines,TU992,2025-07-22,2025-07-23,160,USD
Toronto,Chicago,Singapore Airlines,SI324,2025-08-09,2025-08-09,99,USD
Bangkok,Toronto,Lufthansa,LU569,2025-09-09,2025-09-10,959,USD
Moscow,Sydney,Lufthansa,LU806,2025-07-11,2025-07-11,690,USD
Rome,Chicago,Air France,AI841,2025-10-06,2025-10-07,179,USD
Hong Kong,Toronto,Turkish Airlines,TU152,2025-08-01,2025-08-02,1305,USD
Madrid,Paris,United Airlines,UN873,2025-07-02,2025-07-03,994,USD
Sydney,Hong Kong,British Airways,BR429,2025-06-07,2025-06-08,1174,USD
Toronto,Dubai,Lufthansa,LU908,2025-08-14,2025-08-15,431,USD
Chicago,Istanbul,American Airlines,AM966,2025-07-13,2025-07-14,915,USD
Delhi,Toronto,British Airways,BR366,2025-10-08,2025-10-09,1353,USD
Bangkok,Madrid,Cathay Pacific,CA182,2025-10-10,2025-10-11,1236,USD
Bangkok,London,Air India,AI487,2025-07-19,2025-07-20,477,USD
New York,Hong Kong,United Airlines,UN165,2025-07-18,2025-07-18,699,USD
New York,Singapore,Qantas,QA415,2025-10-16,2025-10-16,831,USD
Delhi,Melbourne,Delta,DE891,2025-08-10,2025-08-10,636,USD
London,Los Angeles,United Airlines,UN303,2025-08-04,2025-08-05,580,USD
Istanbul,Tokyo,Air China,AI199,2025-06-18,2025-06-19,1465,USD
Melbourne,Singapore,Air France,AI679,2025-09-23,2025-09-24,1352,USD
Sydney,Frankfurt,Lufthansa,LU671,2025-08-12,2025-08-13,1096,USD
London,Moscow,Turkish Airlines,TU636,2025-08-07,2025-08-08,240,USD
Istanbul,New York,Singapore Airlines,SI920,2025-10-05,2025-10-05,515,USD
Melbourne,Moscow,Emirates,EM777,2025-10-25,2025-10-25,299,USD
Los Angeles,Dubai,Emirates,EM686,2025-08-01,2025-08-02,490,USD
Hong Kong,Beijing,American Airlines,AM252,2025-11-19,2025-11-19,1087,USD
New York,Istanbul,Singapore Airlines,SI864,2025-07-08,2025-07-09,1129,USD
Bangkok,Madrid,United Airlines,UN298,2025-10-14,2025-10-14,809,USD
Tokyo,Paris,Qantas,QA535,2025-11-29,2025-11-30,1109,USD
Tokyo,Beijing,American Airlines,AM536,2025-10-02,2025-10-03,1432,USD
Frankfurt,Singapore,Delta,DE475,2025-08-03,2025-08-04,88,USD
New York,Bangkok,Emirates,EM798,2025-07-08,2025-07-08,841,USD
Delhi,Bangkok,Japan Airlines,JA447,2025-08-11,2025-08-12,1169,USD
Frankfurt,Moscow,American Airlines,AM705,2025-10-18,2025-10-18,253,USD
Sydney,Moscow,Cathay Pacific,CA889,2025-11-17,2025-11-18,1229,USD
Dubai,Chicago,Qantas,QA811,2025-06-19,2025-06-20,402,USD
Singapore,Paris,British Airways,BR170,2025-11-17,2025-11-18,766,USD
Singapore,Melbourne,Air India,AI296,2025-11-05,2025-11-06,1104,USD
London,Paris,Lufthansa,LU363,2025-08-11,2025-08-11,1109,USD
Paris,Delhi,Air France,AI543,2025-06-11,2025-06-12,936,USD
Bangkok,New York,Qantas,QA276,2025-07-04,2025-07-04,1334,USD
Paris,Bangkok,Singapore Airlines,SI981,2025-10-08,2025-10-09,1040,USD
New York,Beijing,Air China,AI796,2025-07-04,2025-07-04,1376,USD
London,Hong Kong,Singapore Airlines,SI306,2025-11-21,2025-11-22,355,USD
Beijing,Rome,Turkish Airlines,TU397,2025-06-08,2025-06-09,517,USD
Hong Kong,Istanbul,Air India,AI653,2025-08-22,2025-08-22,479,USD
Delhi,Singapore,Emirates,EM217,2025-07-21,2025-07-21,780,USD
Istanbul,Los Angeles,Air India,AI184,2025-06-27,2025-06-27,1415,USD
Madrid,Istanbul,Air France,AI320,2025-08-17,2025-08-18,149,USD
Madrid,Chicago,Alitalia,AL610,2025-10-13,2025-10-14,1184,USD
New York,Beijing,Japan Airlines,JA142,2025-07-14,2025-07-15,234,USD
Chicago,Singapore,Qantas,QA975,2025-11-07,2025-11-07,1120,USD
Dubai,Moscow,Singapore Airlines,SI743,2025-08-06,2025-08-07,172,USD
Paris,Chicago,Lufthansa,LU174,2025-11-24,2025-11-24,928,USD
Los Angeles,Toronto,Delta,DE197,2025-09-11,2025-09-12,823,USD
New York,Chicago,Emirates,EM999,2025-07-07,2025-07-08,330,USD
Sydney,Istanbul,Air France,AI490,2025-10-29,2025-10-30,1019,USD
Los Angeles,Madrid,Air China,AI741,2025-09-25,2025-09-26,915,USD
New York,Hong Kong,Alitalia,AL737,2025-11-02,2025-11-03,1424,USD
New York,Madrid,Air China,AI421,2025-08-04,2025-08-04,1431,USD
Moscow,Rome,American Airlines,AM748,2025-07-31,2025-08-01,922,USD
Toronto,Moscow,Turkish Airlines,TU598,2025-08-21,2025-08-22,591,USD
Tokyo,Bangkok,Turkish Airlines,TU153,2025-10-27,2025-10-27,963,USD
Rome,Dubai,Emirates,EM503,2025-10-18,2025-10-18,1198,USD
Rome,Chicago,Turkish Airlines,TU142,2025-10-12,2025-10-13,228,USD
Chicago,Delhi,Qantas,QA288,2025-08-07,2025-08-08,763,USD
Frankfurt,Melbourne,Cathay Pacific,CA650,2025-09-23,2025-09-24,479,USD
London,Paris,United Airlines,UN250,2025-09-08,2025-09-08,794,USD
Hong Kong,Toronto,Air India,AI726,2025-10-27,2025-10-27,1258,USD
Madrid,Tokyo,United Airlines,UN853,2025-08-10,2025-08-10,227,USD
Melbourne,Hong Kong,Delta,DE455,2025-11-03,2025-11-04,1328,USD
London,Beijing,Qantas,QA818,2025-09-07,2025-09-08,453,USD
Toronto,Madrid,Lufthansa,LU600,2025-11-29,2025-11-29,833,USD
Sydney,Melbourne,British Airways,BR809,2025-06-28,2025-06-29,589,USD
Hong Kong,Tokyo,American Airlines,AM699,2025-10-31,2025-10-31,1156,USD
Tokyo,Dubai,Air China,AI510,2025-10-23,2025-10-23,857,USD
Madrid,Tokyo,American Airlines,AM443,2025-10-22,2025-10-23,398,USD
Rome,Paris,Qantas,QA932,2025-11-22,2025-11-22,904,USD
Singapore,Istanbul,Delta,DE416,2025-07-20,2025-07-21,1118,USD
Bangkok,Frankfurt,Singapore Airlines,SI562,2025-06-08,2025-06-09,564,USD
Hong Kong,Beijing,British Airways,BR219,2025-11-06,2025-11-06,1118,USD
Beijing,Istanbul,Cathay Pacific,CA862,2025-08-19,2025-08-19,749,USD
Beijing,Singapore,Air China,AI309,2025-09-03,2025-09-04,482,USD
Delhi,Moscow,Turkish Airlines,TU384,2025-10-27,2025-10-28,1353,USD
New York,Tokyo,Cathay Pacific,CA558,2025-10-24,2025-10-24,995,USD
Dubai,Frankfurt,Singapore Airlines,SI932,2025-09-28,2025-09-28,622,USD
Melbourne,Moscow,United Airlines,UN249,2025-07-18,2025-07-18,1223,USD
Singapore,New York,Turkish Airlines,TU855,2025-11-14,2025-11-15,1211,USD
Bangkok,Madrid,Turkish Airlines,TU591,2025-07-08,2025-07-09,1490,USD
Sydney,Singapore,Air China,AI598,2025-10-10,2025-10-11,455,USD
Melbourne,Singapore,Alitalia,AL888,2025-07-18,2025-07-18,521,USD
Melbourne,Tokyo,Emirates,EM811,2025-11-06,2025-11-06,1163,USD
New York,Los Angeles,Turkish Airlines,TU225,2025-08-15,2025-08-16,741,USD
Dubai,Chicago,Singapore Airlines,SI770,2025-07-29,2025-07-29,588,USD
Beijing,Singapore,Cathay Pacific,CA885,2025-07-26,2025-07-27,94,USD
Chicago,Los Angeles,Turkish Airlines,TU944,2025-08-14,2025-08-15,1473,USD
Dubai,Frankfurt,Qantas,QA139,2025-06-08,2025-06-09,894,USD
Rome,Hong Kong,United Airlines,UN760,2025-11-13,2025-11-13,1168,USD
Bangkok,Istanbul,Air China,AI122,2025-08-04,2025-08-05,902,USD
Madrid,Delhi,Delta,DE184,2025-08-25,2025-08-25,1427,USD
Moscow,Madrid,American Airlines,AM765,2025-08-21,2025-08-21,871,USD
New York,Delhi,British Airways,BR624,2025-07-03,2025-07-03,393,USD
London,Moscow,United Airlines,UN768,2025-10-15,2025-10-15,355,USD
Tokyo,Madrid,Air France,AI180,2025-11-01,2025-11-02,847,USD
Madrid,New York,Turkish Airlines,TU582,2025-11-03,2025-11-04,331,USD
Madrid,London,Lufthansa,LU843,2025-07-12,2025-07-12,553,USD
Hong Kong,London,Delta,DE428,2025-11-19,2025-11-20,1082,USD
Melbourne,New York,American Airlines,AM226,2025-07-31,2025-08-01,1254,USD
Hong Kong,Beijing,Alitalia,AL709,2025-07-29,2025-07-29,1297,USD
Melbourne,Sydney,Lufthansa,LU274,2025-09-06,2025-09-07,465,USD
Melbourne,London,Cathay Pacific,CA787,2025-07-25,2025-07-26,486,USD
Paris,Chicago,Singapore Airlines,SI233,2025-10-19,2025-10-20,891,USD
Hong Kong,Los Angeles,American Airlines,AM600,2025-06-28,2025-06-29,1103,USD
New York,Delhi,Delta,DE412,2025-11-14,2025-11-14,126,USD
Tokyo,Chicago,Alitalia,AL591,2025-11-24,2025-11-25,1292,USD
London,Moscow,Emirates,EM628,2025-07-27,2025-07-28,1145,USD
Delhi,New York,Lufthansa,LU168,2025-11-17,2025-11-18,311,USD
Beijing,Melbourne,Lufthansa,LU290,2025-10-30,2025-10-31,730,USD
Toronto,Istanbul,Air France,AI811,2025-10-05,2025-10-06,1400,USD
Paris,Singapore,Cathay Pacific,CA925,2025-11-24,2025-11-24,83,USD
Delhi,Moscow,Emirates,EM611,2025-06-14,2025-06-15,335,USD
Singapore,London,Delta,DE994,2025-08-20,2025-08-20,614,USD
Chicago,London,Air France,AI972,2025-06-19,2025-06-19,688,USD
New York,Dubai,Singapore Airlines,SI771,2025-08-15,2025-08-16,88,USD
Hong Kong,London,Air China,AI993,2025-11-13,2025-11-13,252,USD
London,Madrid,Cathay Pacific,CA629,2025-10-16,2025-10-17,264,USD
Dubai,Toronto,Air China,AI208,2025-08-23,2025-08-23,964,USD
Beijing,Sydney,Alitalia,AL271,2025-08-07,2025-08-07,1291,USD
Beijing,Delhi,Cathay Pacific,CA450,2025-10-07,2025-10-07,1274,USD
New York,Sydney,Turkish Airlines,TU219,2025-11-27,2025-11-28,672,USD
Hong Kong,Tokyo,Air China,AI116,2025-08-18,2025-08-19,1334,USD
Madrid,Singapore,British Airways,BR706,2025-11-09,2025-11-09,661,USD
Bangkok,Melbourne,Air China,AI132,2025-11-10,2025-11-11,1489,USD
Sydney,Frankfurt,Turkish Airlines,TU794,2025-11-16,2025-11-17,472,USD
Tokyo,Dubai,Cathay Pacific,CA834,2025-10-26,2025-10-27,697,USD
Bangkok,Madrid,British Airways,BR926,2025-10-01,2025-10-01,1343,USD
London,Beijing,British Airways,BR596,2025-11-21,2025-11-21,538,USD
Los Angeles,New York,Air India,AI934,2025-06-16,2025-06-17,474,USD
Delhi,Bangkok,Delta,DE361,2025-09-01,2025-09-02,1166,USD
Toronto,Moscow,Delta,DE805,2025-08-04,2025-08-05,949,USD
Chicago,Tokyo,American Airlines,AM721,2025-09-26,2025-09-26,1448,USD
Madrid,Paris,British Airways,BR757,2025-08-27,2025-08-28,487,USD
Tokyo,Paris,Air France,AI509,2025-09-21,2025-09-21,422,USD
Melbourne,Frankfurt,Singapore Airlines,SI980,2025-08-10,2025-08-11,507,USD
Tokyo,Bangkok,Air India,AI921,2025-10-16,2025-10-17,343,USD
Madrid,Delhi,American Airlines,AM927,2025-10-22,2025-10-23,710,USD
London,Melbourne,Turkish Airlines,TU473,2025-06-29,2025-06-29,1262,USD
Los Angeles,New York,Lufthansa,LU108,2025-07-09,2025-07-10,1107,USD
Rome,Sydney,Singapore Airlines,SI397,2025-09-09,2025-09-09,789,USD
Tokyo,Beijing,Turkish Airlines,TU171,2025-10-31,2025-11-01,1494,USD
Rome,London,British Airways,BR890,2025-08-14,2025-08-15,1121,USD
Moscow,Frankfurt,Singapore Airlines,SI210,2025-10-15,2025-10-16,183,USD
Sydney,Delhi,Air China,AI870,2025-07-02,2025-07-03,821,USD
Tokyo,Frankfurt,Air India,AI237,2025-10-03,2025-10-03,537,USD
Paris,Frankfurt,Air China,AI281,2025-10-27,2025-10-28,595,USD
Moscow,Rome,Delta,DE391,2025-07-10,2025-07-11,1485,USD
Dubai,Frankfurt,Air India,AI977,2025-06-15,2025-06-16,670,USD
Bangkok,Beijing,British Airways,BR110,2025-10-13,2025-10-13,527,USD
Delhi,Rome,American Airlines,AM216,2025-07-11,2025-07-12,710,USD
New York,Bangkok,Delta,DE839,2025-07-20,2025-07-21,1071,USD
Frankfurt,Bangkok,Lufthansa,LU821,2025-10-19,2025-10-19,359,USD
Delhi,Los Angeles,British Airways,BR508,2025-10-31,2025-10-31,405,USD
Singapore,New York,Singapore Airlines,SI681,2025-06-10,2025-06-11,488,USD
Melbourne,Toronto,American Airlines,AM573,2025-12-01,2025-12-01,998,USD
Chicago,Melbourne,Air China,AI856,2025-07-23,2025-07-23,943,USD
Beijing,Chicago,Emirates,EM440,2025-06-29,2025-06-30,394,USD
Hong Kong,Tokyo,Air India,AI979,2025-09-02,2025-09-03,683,USD
Bangkok,Toronto,Cathay Pacific,CA470,2025-11-27,2025-11-27,857,USD
Hong Kong,Moscow,Alitalia,AL978,2025-08-22,2025-08-22,412,USD
London,Bangkok,British Airways,BR213,2025-07-30,2025-07-30,1165,USD
London,Paris,Delta,DE146,2025-07-21,2025-07-22,529,USD
Dubai,Bangkok,American Airlines,AM303,2025-11-17,2025-11-18,1500,USD
Delhi,Rome,Alitalia,AL562,2025-11-07,2025-11-08,338,USD
Frankfurt,London,Alitalia,AL232,2025-10-31,2025-11-01,757,USD
Bangkok,London,Turkish Airlines,TU969,2025-06-19,2025-06-20,1440,USD
London,Istanbul,Cathay Pacific,CA463,2025-08-04,2025-08-05,683,USD
Rome,London,Cathay Pacific,CA385,2025-07-11,2025-07-11,809,USD
Toronto,London,British Airways,BR359,2025-08-03,2025-08-04,1248,USD
Hong Kong,Paris,Japan Airlines,JA320,2025-09-10,2025-09-10,1420,USD
Istanbul,London,Alitalia,AL784,2025-07-04,2025-07-05,864,USD
Moscow,Frankfurt,Delta,DE839,2025-06-11,2025-06-11,931,USD
New York,Beijing,Lufthansa,LU270,2025-11-14,2025-11-14,506,USD
Hong Kong,Tokyo,Air India,AI387,2025-09-02,2025-09-02,919,USD
Beijing,London,Air France,AI974,2025-11-24,2025-11-25,1456,USD
Paris,Dubai,British Airways,BR376,2025-06-19,2025-06-19,1077,USD
Madrid,Dubai,United Airlines,UN576,2025-08-26,2025-08-26,1171,USD
London,Rome,Lufthansa,LU130,2025-11-09,2025-11-09,1062,USD
Chicago,Melbourne,Alitalia,AL687,2025-10-30,2025-10-31,472,USD
Melbourne,Rome,Cathay Pacific,CA515,2025-12-02,2025-12-03,117,USD
Singapore,Moscow,Emirates,EM413,2025-11-03,2025-11-04,1289,USD
Frankfurt,Istanbul,Japan Airlines,JA702,2025-06-21,2025-06-22,1073,USD
Tokyo,Madrid,Emirates,EM116,2025-06-10,2025-06-10,1365,USD
Melbourne,Hong Kong,Cathay Pacific,CA709,2025-06-24,2025-06-25,601,USD
Madrid,Tokyo,Cathay Pacific,CA462,2025-08-16,2025-08-16,1398,USD
Melbourne,Toronto,Japan Airlines,JA432,2025-08-04,2025-08-04,315,USD
Paris,Chicago,Japan Airlines,JA258,2025-10-04,2025-10-05,1483,USD
New York,Toronto,Cathay Pacific,CA487,2025-08-07,2025-08-07,1303,USD
Istanbul,London,United Airlines,UN539,2025-07-05,2025-07-05,1421,USD
Istanbul,London,Turkish Airlines,TU569,2025-11-17,2025-11-18,607,USD
Dubai,Madrid,Cathay Pacific,CA498,2025-08-29,2025-08-29,717,USD
New York,Toronto,Singapore Airlines,SI368,2025-09-29,2025-09-29,282,USD
Sydney,Bangkok,Air France,AI838,2025-06-11,2025-06-12,760,USD
Melbourne,Madrid,Air France,AI683,2025-06-29,2025-06-30,314,USD
Hong Kong,Sydney,United Airlines,UN257,2025-06-21,2025-06-21,212,USD
Rome,Toronto,British Airways,BR748,2025-09-06,2025-09-06,1209,USD
Frankfurt,Hong Kong,Singapore Airlines,SI896,2025-09-21,2025-09-22,929,USD
Los Angeles,Istanbul,Singapore Airlines,SI958,2025-09-01,2025-09-02,341,USD
Los Angeles,Frankfurt,Japan Airlines,JA489,2025-08-04,2025-08-05,328,USD
Beijing,Los Angeles,Air France,AI871,2025-10-24,2025-10-24,919,USD
Tokyo,Istanbul,British Airways,BR955,2025-11-26,2025-11-27,1185,USD
Istanbul,Sydney,Qantas,QA592,2025-09-05,2025-09-05,1251,USD
Melbourne,Istanbul,Lufthansa,LU722,2025-10-06,2025-10-07,893,USD
Beijing,Paris,Cathay Pacific,CA910,2025-11-23,2025-11-23,99,USD
Paris,Delhi,Air India,AI746,2025-11-03,2025-11-03,522,USD
Tokyo,Delhi,Cathay Pacific,CA238,2025-08-19,2025-08-20,1029,USD
London,Singapore,Turkish Airlines,TU155,2025-11-10,2025-11-10,1461,USD
Toronto,Frankfurt,American Airlines,AM631,2025-10-19,2025-10-20,1260,USD
Sydney,Istanbul,American Airlines,AM984,2025-08-01,2025-08-02,84,USD
Madrid,Delhi,British Airways,BR652,2025-08-05,2025-08-06,939,USD
Madrid,London,Cathay Pacific,CA781,2025-07-24,2025-07-25,757,USD
Madrid,Rome,Emirates,EM267,2025-07-01,2025-07-02,599,USD
Madrid,Singapore,Alitalia,AL108,2025-11-12,2025-11-12,181,USD
Hong Kong,Singapore,Lufthansa,LU949,2025-09-27,2025-09-28,920,USD
Sydney,Rome,British Airways,BR791,2025-06-18,2025-06-19,322,USD
Chicago,Sydney,Emirates,EM188,2025-10-05,2025-10-06,1146,USD
Moscow,Madrid,Air France,AI766,2025-06-21,2025-06-22,451,USD
Tokyo,Moscow,Air India,AI283,2025-06-24,2025-06-25,730,USD
Beijing,Tokyo,Air India,AI410,2025-10-19,2025-10-19,472,USD
Frankfurt,Dubai,Turkish Airlines,TU363,2025-07-04,2025-07-04,105,USD
Frankfurt,Singapore,Delta,DE542,2025-09-17,2025-09-17,830,USD
Melbourne,Bangkok,Turkish Airlines,TU169,2025-10-10,2025-10-11,213,USD
Chicago,Bangkok,United Airlines,UN193,2025-08-28,2025-08-29,473,USD
London,Istanbul,Lufthansa,LU600,2025-08-27,2025-08-28,1377,USD
Toronto,Paris,Air France,AI443,2025-08-14,2025-08-14,1246,USD
Hong Kong,Istanbul,Alitalia,AL437,2025-08-14,2025-08-15,1140,USD
Moscow,Hong Kong,Emirates,EM752,2025-08-24,2025-08-25,651,USD
Melbourne,Singapore,Singapore Airlines,SI790,2025-07-05,2025-07-06,1128,USD
Moscow,Delhi,Air India,AI105,2025-10-11,2025-10-11,1062,USD
Paris,Bangkok,Emirates,EM465,2025-07-26,2025-07-27,1402,USD
Tokyo,Hong Kong,Emirates,EM571,2025-11-10,2025-11-10,1464,USD
Los Angeles,Sydney,Air India,AI512,2025-06-27,2025-06-27,475,USD
Delhi,Bangkok,Emirates,EM783,2025-09-12,2025-09-12,594,USD
Frankfurt,Hong Kong,British Airways,BR232,2025-07-16,2025-07-17,537,USD
Singapore,Frankfurt,Emirates,EM678,2025-10-19,2025-10-20,1314,USD
Madrid,Singapore,Qantas,QA166,2025-08-19,2025-08-20,227,USD
New York,Singapore,Delta,DE970,2025-11-22,2025-11-22,541,USD
Beijing,Bangkok,Japan Airlines,JA490,2025-09-20,2025-09-20,1495,USD
Delhi,Toronto,Qantas,QA754,2025-09-27,2025-09-28,842,USD
Moscow,London,Delta,DE507,2025-10-01,2025-10-02,640,USD
Dubai,Los Angeles,Turkish Airlines,TU889,2025-06-21,2025-06-22,214,USD
Frankfurt,Tokyo,British Airways,BR364,2025-09-13,2025-09-14,507,USD
Los Angeles,Toronto,United Airlines,UN913,2025-08-23,2025-08-24,277,USD
Tokyo,Istanbul,Delta,DE350,2025-11-26,2025-11-27,930,USD
Rome,Paris,Air India,AI928,2025-09-07,2025-09-07,1076,USD
Los Angeles,Toronto,Cathay Pacific,CA180,2025-07-06,2025-07-07,349,USD
Tokyo,Delhi,United Airlines,UN739,2025-10-30,2025-10-30,542,USD
Rome,London,Lufthansa,LU791,2025-07-21,2025-07-22,1445,USD
New York,Chicago,Alitalia,AL604,2025-12-01,2025-12-02,650,USD
London,Toronto,Japan Airlines,JA548,2025-10-20,2025-10-21,710,USD
Melbourne,Istanbul,Turkish Airlines,TU890,2025-08-05,2025-08-05,114,USD
Madrid,Bangkok,United Airlines,UN169,2025-11-03,2025-11-04,937,USD
New York,Moscow,Alitalia,AL133,2025-11-24,2025-11-24,1382,USD
Chicago,Madrid,Qantas,QA820,2025-12-01,2025-12-01,491,USD
Bangkok,Istanbul,Qantas,QA567,2025-11-11,2025-11-12,948,USD
Frankfurt,Delhi,Alitalia,AL387,2025-09-09,2025-09-09,360,USD
Toronto,Bangkok,Delta,DE884,2025-07-07,2025-07-08,698,USD
Delhi,Melbourne,United Airlines,UN434,2025-06-30,2025-07-01,1480,USD
Tokyo,Moscow,Air India,AI104,2025-06-26,2025-06-27,320,USD
New York,Sydney,Alitalia,AL266,2025-09-28,2025-09-29,1469,USD
Los Angeles,London,Alitalia,AL287,2025-10-27,2025-10-28,160,USD
Melbourne,Singapore,Air India,AI891,2025-07-11,2025-07-12,885,USD
London,Sydney,Air India,AI439,2025-11-29,2025-11-30,1093,USD
Chicago,Moscow,Qantas,QA536,2025-11-01,2025-11-01,767,USD
Melbourne,Paris,United Airlines,UN772,2025-06-30,2025-06-30,699,USD
Bangkok,Delhi,Air China,AI797,2025-07-28,2025-07-29,1477,USD
Tokyo,Frankfurt,American Airlines,AM720,2025-07-06,2025-07-07,618,USD
Toronto,Frankfurt,Cathay Pacific,CA521,2025-06-13,2025-06-14,161,USD
Dubai,Los Angeles,Japan Airlines,JA406,2025-07-23,2025-07-24,1075,USD
Dubai,Istanbul,Alitalia,AL397,2025-09-08,2025-09-09,766,USD
Paris,Istanbul,Emirates,EM278,2025-10-15,2025-10-16,1477,USD
New York,Frankfurt,Air France,AI741,2025-09-07,2025-09-08,1371,USD
Beijing,Toronto,Delta,DE107,2025-09-22,2025-09-23,551,USD
London,Istanbul,Qantas,QA830,2025-06-22,2025-06-23,304,USD
Istanbul,Los Angeles,American Airlines,AM656,2025-08-11,2025-08-11,1169,USD
Los Angeles,London,Air China,AI942,2025-08-04,2025-08-04,1075,USD
Delhi,Rome,Japan Airlines,JA578,2025-11-24,2025-11-25,887,USD
Chicago,Madrid,United Airlines,UN194,2025-09-15,2025-09-16,882,USD
Bangkok,Toronto,Qantas,QA355,2025-11-11,2025-11-11,1361,USD
Hong Kong,Tokyo,Singapore Airlines,SI150,2025-11-27,2025-11-27,1309,USD
Sydney,Bangkok,Qantas,QA888,2025-09-19,2025-09-20,190,USD
Sydney,Chicago,United Airlines,UN137,2025-10-02,2025-10-03,843,USD
Melbourne,London,Qantas,QA457,2025-11-05,2025-11-06,1191,USD
Paris,Beijing,Air China,AI123,2025-11-09,2025-11-09,1413,USD
Rome,Bangkok,Lufthansa,LU157,2025-08-24,2025-08-25,815,USD
Frankfurt,Toronto,Qantas,QA711,2025-10-22,2025-10-22,679,USD
Delhi,Rome,British Airways,BR957,2025-10-14,2025-10-15,1094,USD
London,Rome,Air China,AI753,2025-08-05,2025-08-06,371,USD
Frankfurt,Los Angeles,British Airways,BR257,2025-07-12,2025-07-13,274,USD
Beijing,Toronto,Alitalia,AL660,2025-08-12,2025-08-12,580,USD
Frankfurt,Paris,Emirates,EM121,2025-07-23,2025-07-24,487,USD
Hong Kong,Istanbul,Emirates,EM406,2025-07-30,2025-07-31,187,USD
Rome,Dubai,Qantas,QA997,2025-11-25,2025-11-26,1499,USD
Toronto,London,Delta,DE839,2025-08-05,2025-08-06,1190,USD
Beijing,Hong Kong,Alitalia,AL624,2025-08-25,2025-08-26,1485,USD
Rome,Madrid,Qantas,QA733,2025-11-23,2025-11-24,1231,USD
Singapore,Frankfurt,Alitalia,AL710,2025-06-23,2025-06-23,692,USD
Paris,Dubai,Lufthansa,LU863,2025-09-27,2025-09-28,766,USD
Dubai,Paris,Cathay Pacific,CA516,2025-08-25,2025-08-26,891,USD
Dubai,Los Angeles,Air India,AI882,2025-10-15,2025-10-15,1021,USD
Paris,Moscow,Emirates,EM710,2025-10-08,2025-10-08,1105,USD
Beijing,London,American Airlines,AM970,2025-09-10,2025-09-11,764,USD
Delhi,Toronto,Singapore Airlines,SI167,2025-10-11,2025-10-11,1097,USD
Paris,Moscow,Qantas,QA654,2025-06-12,2025-06-13,1225,USD
Delhi,Tokyo,American Airlines,AM164,2025-09-07,2025-09-08,1014,USD
Melbourne,Paris,Cathay Pacific,CA951,2025-07-26,2025-07-26,1185,USD
Melbourne,Toronto,United Airlines,UN422,2025-10-21,2025-10-22,1235,USD
London,Chicago,British Airways,BR462,2025-10-29,2025-10-29,245,USD
Sydney,Hong Kong,United Airlines,UN176,2025-10-30,2025-10-31,259,USD
Sydney,Istanbul,Cathay Pacific,CA311,2025-10-09,2025-10-10,1335,USD
Istanbul,Beijing,Emirates,EM253,2025-11-28,2025-11-29,1144,USD
Istanbul,Delhi,British Airways,BR710,2025-06-25,2025-06-26,1335,USD
Singapore,Dubai,Air India,AI365,2025-10-23,2025-10-24,794,USD
Tokyo,Rome,Japan Airlines,JA451,2025-08-27,2025-08-28,1313,USD
Beijing,Tokyo,Turkish Airlines,TU597,2025-09-06,2025-09-07,447,USD
Delhi,Rome,American Airlines,AM953,2025-11-10,2025-11-11,729,USD
Delhi,Singapore,British Airways,BR385,2025-08-10,2025-08-10,1489,USD
New York,Paris,Singapore Airlines,SI477,2025-08-07,2025-08-08,833,USD
Istanbul,Los Angeles,Lufthansa,LU492,2025-11-22,2025-11-22,278,USD
Istanbul,Rome,Emirates,EM154,2025-07-22,2025-07-23,1078,USD
Toronto,Melbourne,Emirates,EM683,2025-08-30,2025-08-30,655,USD
Beijing,Chicago,Air France,AI744,2025-09-26,2025-09-27,520,USD
Los Angeles,Sydney,Cathay Pacific,CA446,2025-07-31,2025-08-01,1074,USD
Paris,Chicago,Turkish Airlines,TU617,2025-10-21,2025-10-21,498,USD
Tokyo,Frankfurt,Cathay Pacific,CA753,2025-10-28,2025-10-29,1373,USD
Beijing,Madrid,Air India,AI393,2025-08-12,2025-08-12,1404,USD
Melbourne,New York,United Airlines,UN745,2025-10-10,2025-10-11,726,USD
Singapore,Tokyo,American Airlines,AM523,2025-07-06,2025-07-06,292,USD
Istanbul,Tokyo,British Airways,BR801,2025-07-05,2025-07-06,651,USD
Toronto,Singapore,Cathay Pacific,CA171,2025-06-20,2025-06-21,1085,USD
Frankfurt,Chicago,Cathay Pacific,CA294,2025-10-03,2025-10-04,197,USD
Los Angeles,New York,American Airlines,AM973,2025-07-18,2025-07-18,532,USD
Los Angeles,Hong Kong,British Airways,BR245,2025-08-19,2025-08-20,975,USD
Bangkok,Toronto,United Airlines,UN969,2025-10-19,2025-10-19,892,USD
Chicago,Tokyo,Alitalia,AL339,2025-07-25,2025-07-26,277,USD
Hong Kong,Madrid,Delta,DE105,2025-10-16,2025-10-17,156,USD
Dubai,Toronto,Alitalia,AL715,2025-08-23,2025-08-23,242,USD
Frankfurt,Tokyo,United Airlines,UN776,2025-09-15,2025-09-16,1211,USD
Tokyo,Madrid,Air China,AI244,2025-11-01,2025-11-02,456,USD
Hong Kong,Dubai,Alitalia,AL975,2025-09-23,2025-09-24,837,USD
Moscow,Toronto,Lufthansa,LU851,2025-06-27,2025-06-28,854,USD
Moscow,Toronto,Turkish Airlines,TU616,2025-08-25,2025-08-26,284,USD
Rome,Beijing,Singapore Airlines,SI664,2025-09-17,2025-09-18,476,USD
Sydney,Toronto,Singapore Airlines,SI218,2025-09-11,2025-09-12,677,USD
Moscow,Los Angeles,Cathay Pacific,CA524,2025-08-21,2025-08-22,426,USD
Dubai,Hong Kong,Air China,AI220,2025-09-25,2025-09-25,831,USD
Madrid,Delhi,Air China,AI625,2025-08-14,2025-08-14,554,USD
Beijing,Melbourne,Air India,AI183,2025-11-01,2025-11-01,627,USD
Tokyo,Melbourne,Emirates,EM167,2025-06-30,2025-07-01,265,USD
Los Angeles,Frankfurt,Turkish Airlines,TU284,2025-10-17,2025-10-17,228,USD
Chicago,Rome,Lufthansa,LU163,2025-07-10,2025-07-11,1020,USD
New York,Moscow,Alitalia,AL657,2025-06-19,2025-06-20,704,USD
Delhi,London,Air India,AI108,2025-07-06,2025-07-07,868,USD
Sydney,Delhi,Singapore Airlines,SI830,2025-09-28,2025-09-29,1390,USD
Singapore,Delhi,Alitalia,AL991,2025-10-21,2025-10-21,81,USD
Singapore,London,British Airways,BR527,2025-11-02,2025-11-03,349,USD
Tokyo,London,Cathay Pacific,CA778,2025-08-14,2025-08-15,958,USD
Madrid,Singapore,Emirates,EM114,2025-11-20,2025-11-20,1275,USD
Tokyo,Beijing,Air China,AI146,2025-07-12,2025-07-13,164,USD
Madrid,Moscow,Lufthansa,LU354,2025-06-24,2025-06-24,725,USD
Singapore,London,Lufthansa,LU255,2025-09-10,2025-09-10,265,USD
Frankfurt,Los Angeles,Lufthansa,LU959,2025-07-18,2025-07-18,168,USD
Singapore,Hong Kong,Cathay Pacific,CA860,2025-11-29,2025-11-30,1054,USD
Rome,Frankfurt,Japan Airlines,JA819,2025-10-10,2025-10-11,1287,USD
Madrid,Melbourne,Singapore Airlines,SI526,2025-12-02,2025-12-03,368,USD
Tokyo,Singapore,Qantas,QA772,2025-11-16,2025-11-17,1160,USD
Hong Kong,Paris,Qantas,QA354,2025-06-26,2025-06-27,918,USD
Frankfurt,Madrid,Singapore Airlines,SI753,2025-08-03,2025-08-03,626,USD
Bangkok,Madrid,Delta,DE753,2025-10-18,2025-10-18,1339,USD
Sydney,Istanbul,Alitalia,AL579,2025-09-20,2025-09-20,1194,USD
Beijing,Moscow,British Airways,BR138,2025-07-04,2025-07-04,1080,USD
Frankfurt,Delhi,Alitalia,AL922,2025-09-22,2025-09-23,942,USD
Istanbul,Toronto,Turkish Airlines,TU717,2025-09-15,2025-09-16,826,USD
Rome,Frankfurt,Air France,AI457,2025-08-26,2025-08-26,1245,USD
Singapore,Los Angeles,American Airlines,AM920,2025-11-05,2025-11-06,1419,USD
London,Frankfurt,Air India,AI121,2025-09-12,2025-09-13,272,USD
Hong Kong,Madrid,Qantas,QA375,2025-08-29,2025-08-30,908,USD
Moscow,Madrid,British Airways,BR334,2025-06-12,2025-06-12,522,USD
Beijing,Madrid,American Airlines,AM563,2025-09-08,2025-09-09,546,USD
Moscow,New York,Emirates,EM209,2025-06-17,2025-06-17,676,USD
Singapore,Dubai,Lufthansa,LU501,2025-08-13,2025-08-13,1496,USD
Singapore,Dubai,Turkish Airlines,TU423,2025-10-25,2025-10-26,85,USD
New York,London,United Airlines,UN987,2025-08-14,2025-08-14,1187,USD
Hong Kong,Delhi,Japan Airlines,JA948,2025-09-27,2025-09-28,554,USD
Paris,Tokyo,Japan Airlines,JA567,2025-10-21,2025-10-22,738,USD
Frankfurt,Istanbul,United Airlines,UN237,2025-11-02,2025-11-03,247,USD
London,Madrid,British Airways,BR613,2025-08-03,2025-08-03,841,USD
Sydney,Madrid,Emirates,EM204,2025-10-25,2025-10-26,162,USD
Delhi,Bangkok,Lufthansa,LU563,2025-11-21,2025-11-22,1384,USD
Singapore,Moscow,Air France,AI898,2025-07-21,2025-07-22,1097,USD
Paris,Tokyo,Air France,AI382,2025-10-10,2025-10-11,526,USD
Moscow,Madrid,Alitalia,AL309,2025-09-17,2025-09-18,1274,USD
Singapore,Sydney,British Airways,BR580,2025-10-11,2025-10-12,370,USD
Sydney,Melbourne,Air China,AI365,2025-10-17,2025-10-18,1156,USD
Beijing,Toronto,Air France,AI100,2025-11-07,2025-11-07,1258,USD
Beijing,Madrid,British Airways,BR671,2025-07-20,2025-07-21,841,USD
Beijing,Singapore,Cathay Pacific,CA344,2025-08-31,2025-09-01,1192,USD
Frankfurt,New York,British Airways,BR765,2025-09-08,2025-09-09,629,USD
Los Angeles,Singapore,Turkish Airlines,TU783,2025-10-03,2025-10-03,763,USD
Dubai,Beijing,United Airlines,UN841,2025-06-23,2025-06-24,830,USD
Moscow,Delhi,United Airlines,UN555,2025-10-02,2025-10-02,635,USD
Paris,London,United Airlines,UN162,2025-11-20,2025-11-21,652,USD
Moscow,Melbourne,Air India,AI870,2025-06-29,2025-06-29,971,USD
Bangkok,Beijing,American Airlines,AM727,2025-09-07,2025-09-08,891,USD
Sydney,Dubai,Lufthansa,LU265,2025-07-08,2025-07-09,136,USD
Paris,Beijing,Delta,DE211,2025-09-23,2025-09-23,973,USD
Sydney,Frankfurt,United Airlines,UN818,2025-06-27,2025-06-27,1461,USD
Los Angeles,Beijing,British Airways,BR984,2025-12-01,2025-12-02,1000,USD
Toronto,Moscow,Japan Airlines,JA942,2025-07-18,2025-07-19,1099,USD
Tokyo,Dubai,Air India,AI399,2025-06-16,2025-06-17,906,USD
London,Beijing,Alitalia,AL234,2025-10-08,2025-10-09,1214,USD
Madrid,Tokyo,Singapore Airlines,SI287,2025-10-16,2025-10-16,392,USD
Dubai,New York,American Airlines,AM757,2025-07-04,2025-07-05,390,USD
Dubai,Los Angeles,Air China,AI256,2025-08-10,2025-08-10,628,USD
Frankfurt,Bangkok,Japan Airlines,JA196,2025-11-30,2025-12-01,1445,USD
Delhi,London,Japan Airlines,JA435,2025-10-03,2025-10-03,399,USD
Melbourne,Sydney,Alitalia,AL949,2025-09-14,2025-09-15,913,USD
Sydney,Hong Kong,Air France,AI347,2025-11-25,2025-11-26,1138,USD
Madrid,Singapore,Qantas,QA744,2025-06-22,2025-06-23,1321,USD
Dubai,Istanbul,Alitalia,AL461,2025-11-06,2025-11-06,1229,USD
Delhi,Chicago,Air China,AI503,2025-06-11,2025-06-12,746,USD
Toronto,Sydney,Emirates,EM504,2025-11-25,2025-11-25,1133,USD
Dubai,Rome,Cathay Pacific,CA953,2025-09-27,2025-09-28,1489,USD
Rome,Singapore,Japan Airlines,JA834,2025-07-10,2025-07-11,879,USD
